rental_id,customer_id,book_id,rental_date
1,21,467,2023-10-03
2,35,407,2024-11-09
3,118,350,2024-09-02
4,177,463,2025-05-03
5,262,233,2024-08-24
6,230,92,2024-06-03
7,270,33,2024-04-19
8,112,244,2023-12-13
9,197,476,2023-08-15
10,229,357,2024-08-03
11,91,413,2024-07-05
12,102,341,2023-11-03
13,256,352,2024-08-28
14,173,29,2024-02-23
15,159,350,2024-08-23
16,230,21,2025-04-13
17,63,388,2023-10-04
18,1,153,2024-08-17
19,25,423,2024-12-01
20,174,90,2024-03-12
21,202,318,2024-03-18
22,130,496,2024-08-09
23,123,179,2024-01-05
24,154,293,2024-12-01
25,156,114,2024-02-06
26,47,35,2024-03-23
27,67,133,2024-07-22
28,298,269,2025-02-25
29,27,203,2024-10-09
30,37,313,2024-12-04
31,168,439,2023-11-10
32,293,91,2025-01-17
33,174,326,2024-11-01
34,296,186,2023-07-13
35,100,287,2025-01-29
36,93,446,2024-10-05
37,117,109,2024-08-16
38,221,150,2024-03-04
39,89,63,2024-02-24
40,108,336,2024-08-25
41,25,26,2023-08-01
42,300,121,2023-06-29
43,24,238,2023-07-09
44,2,356,2024-04-13
45,167,287,2024-12-06
46,16,345,2024-06-25
47,221,417,2023-09-23
48,230,226,2024-08-24
49,133,403,2023-06-26
50,190,339,2024-01-23
51,99,4,2023-10-05
52,275,456,2023-06-17
53,115,13,2023-12-24
54,216,39,2023-06-18
55,127,481,2024-11-16
56,298,383,2024-12-16
57,141,393,2024-04-07
58,120,310,2025-02-24
59,55,82,2024-06-30
60,173,141,2025-02-13
61,28,341,2025-03-07
62,1,232,2024-04-29
63,43,405,2023-06-02
64,39,392,2024-02-25
65,25,296,2024-06-24
66,204,489,2025-03-24
67,94,474,2024-02-07
68,115,34,2024-04-09
69,277,146,2025-02-09
70,290,320,2024-10-23
71,45,144,2025-05-22
72,128,74,2024-09-29
73,179,11,2024-12-15
74,227,90,2025-04-25
75,298,326,2024-12-10
76,209,367,2025-04-16
77,65,268,2025-03-02
78,132,303,2024-04-30
79,207,394,2024-07-07
80,104,227,2024-03-05
81,230,395,2024-01-24
82,158,297,2024-04-12
83,197,77,2025-04-12
84,234,391,2023-09-20
85,134,232,2024-10-08
86,179,103,2025-03-01
87,252,226,2024-05-04
88,267,121,2023-08-20
89,113,155,2023-08-05
90,250,22,2024-09-06
91,283,299,2023-07-03
92,72,136,2023-06-20
93,191,94,2025-02-04
94,111,418,2025-05-23
95,297,386,2024-04-29
96,287,338,2024-05-09
97,215,27,2023-09-11
98,136,443,2024-01-17
99,226,136,2024-11-26
100,268,337,2024-11-24
101,151,348,2024-08-08
102,154,367,2024-03-09
103,157,433,2024-11-08
104,184,392,2023-07-01
105,104,403,2023-07-18
106,134,214,2023-11-18
107,90,387,2024-11-22
108,148,259,2023-11-29
109,50,167,2023-11-16
110,153,353,2023-06-18
111,26,82,2024-08-09
112,152,464,2024-06-17
113,220,196,2025-02-03
114,300,452,2025-03-02
115,100,36,2025-04-17
116,230,232,2025-05-05
117,63,68,2025-03-30
118,206,249,2024-03-03
119,91,294,2024-04-30
120,201,97,2024-02-28
121,50,44,2024-05-02
122,237,393,2024-12-15
123,236,168,2023-11-07
124,119,226,2024-01-21
125,28,416,2025-02-28
126,15,200,2024-08-13
127,288,243,2024-04-07
128,253,110,2024-12-26
129,299,22,2023-12-13
130,279,338,2024-02-17
131,112,425,2024-05-24
132,18,239,2025-03-01
133,55,389,2025-02-05
134,30,66,2023-11-11
135,162,116,2024-07-11
136,252,125,2024-09-23
137,268,324,2024-04-02
138,119,187,2023-11-17
139,158,275,2024-07-03
140,124,303,2024-06-12
141,133,92,2025-01-31
142,170,128,2025-03-12
143,298,224,2023-08-07
144,202,242,2023-09-26
145,62,276,2024-10-16
146,50,100,2024-05-22
147,62,1,2024-04-24
148,236,492,2024-02-19
149,89,30,2023-07-05
150,105,315,2023-12-13
151,284,498,2025-04-03
152,99,99,2023-11-02
153,3,138,2025-01-24
154,75,402,2024-10-14
155,284,281,2024-01-11
156,273,59,2024-12-08
157,260,454,2024-06-01
158,111,326,2023-11-20
159,177,33,2025-03-14
160,77,88,2024-11-22
161,152,327,2024-07-13
162,95,478,2024-04-07
163,14,195,2024-12-02
164,188,259,2023-06-17
165,174,212,2023-11-10
166,136,458,2024-04-07
167,59,8,2023-06-21
168,34,476,2023-06-23
169,100,356,2023-08-27
170,272,275,2023-10-27
171,187,56,2024-09-29
172,151,442,2023-11-16
173,208,260,2024-04-25
174,97,366,2024-03-16
175,166,171,2024-06-30
176,148,52,2024-12-30
177,197,272,2024-11-18
178,139,43,2024-04-22
179,273,264,2024-05-12
180,45,153,2025-02-16
181,294,431,2024-02-11
182,207,214,2025-04-23
183,49,48,2024-12-27
184,172,304,2025-04-05
185,1,454,2025-01-10
186,256,345,2025-02-13
187,286,161,2023-12-10
188,54,258,2024-06-06
189,182,349,2023-06-10
190,72,437,2024-03-27
191,95,370,2025-05-12
192,222,12,2025-01-31
193,239,177,2025-03-13
194,179,325,2023-07-01
195,34,398,2024-05-05
196,205,495,2024-12-22
197,95,266,2025-04-05
198,247,330,2025-03-26
199,243,230,2024-06-05
200,197,162,2023-06-17
201,165,433,2024-11-10
202,231,367,2023-09-06
203,224,373,2024-07-06
204,97,486,2024-02-06
205,248,426,2024-08-10
206,134,391,2023-07-03
207,61,151,2025-01-22
208,62,146,2025-01-12
209,299,35,2024-02-03
210,80,435,2024-08-08
211,253,206,2025-04-16
212,151,10,2023-12-02
213,87,352,2023-07-06
214,228,481,2023-11-08
215,276,270,2024-03-20
216,199,112,2024-03-26
217,61,65,2023-11-07
218,8,454,2023-11-07
219,159,449,2025-05-13
220,22,376,2024-08-08
221,1,412,2023-12-11
222,35,315,2025-03-10
223,297,476,2023-09-17
224,4,394,2023-07-09
225,27,292,2025-03-11
226,218,192,2024-01-12
227,193,33,2024-12-19
228,159,22,2023-11-30
229,168,16,2023-08-12
230,197,441,2023-08-23
231,64,277,2023-09-08
232,276,371,2024-05-11
233,75,198,2024-03-05
234,226,4,2024-12-10
235,64,462,2023-12-08
236,220,402,2024-08-27
237,232,32,2024-06-17
238,110,279,2023-08-27
239,68,312,2023-12-19
240,31,490,2024-10-11
241,248,224,2023-07-30
242,1,82,2024-04-17
243,134,483,2024-10-27
244,20,5,2024-06-25
245,39,332,2024-09-22
246,25,191,2023-08-25
247,202,160,2023-08-22
248,90,374,2023-07-13
249,17,486,2024-12-28
250,205,334,2023-12-02
251,294,255,2023-06-07
252,34,482,2024-10-26
253,166,480,2024-11-16
254,112,215,2024-01-22
255,116,447,2024-03-24
256,183,7,2024-06-23
257,262,10,2023-10-25
258,143,469,2023-11-26
259,62,208,2023-08-29
260,265,160,2024-01-18
261,131,373,2023-07-22
262,9,111,2024-05-28
263,32,122,2024-07-02
264,172,395,2024-05-13
265,71,41,2024-10-03
266,184,409,2024-12-14
267,4,463,2023-07-24
268,229,166,2023-08-16
269,244,165,2024-08-10
270,280,78,2023-07-09
271,93,61,2023-12-24
272,234,11,2025-02-22
273,50,411,2025-03-02
274,58,429,2023-11-07
275,28,490,2023-12-14
276,201,257,2024-02-07
277,138,367,2024-08-23
278,87,404,2023-07-25
279,40,332,2024-07-07
280,236,440,2024-10-06
281,201,357,2024-08-16
282,98,455,2024-08-03
283,179,279,2024-09-01
284,167,137,2025-02-25
285,14,104,2025-04-24
286,87,474,2023-05-31
287,155,97,2024-02-03
288,128,411,2024-01-30
289,292,136,2024-04-07
290,200,284,2023-07-02
291,30,218,2024-03-02
292,30,88,2023-06-25
293,283,245,2025-02-23
294,59,429,2024-05-27
295,272,266,2024-05-24
296,161,409,2024-09-30
297,6,93,2024-04-03
298,21,489,2024-02-17
299,79,104,2024-01-03
300,192,351,2025-01-17
301,155,295,2024-08-28
302,147,262,2025-01-23
303,89,315,2023-12-13
304,192,164,2023-08-19
305,37,481,2023-09-22
306,52,289,2024-09-20
307,70,311,2024-10-18
308,193,226,2024-08-09
309,141,246,2023-12-21
310,103,462,2024-07-11
311,282,405,2024-04-02
312,102,169,2023-12-28
313,144,449,2024-02-20
314,249,270,2024-06-15
315,259,2,2025-01-20
316,8,375,2023-07-12
317,66,246,2023-08-15
318,287,480,2024-05-04
319,80,102,2025-02-02
320,213,235,2024-09-07
321,156,204,2023-10-13
322,167,58,2024-11-20
323,14,23,2023-09-25
324,202,355,2024-05-07
325,286,274,2024-10-22
326,89,31,2023-10-01
327,275,23,2024-11-06
328,193,366,2024-12-27
329,203,254,2024-07-21
330,200,367,2024-12-02
331,97,363,2024-02-29
332,59,120,2025-02-23
333,69,352,2024-08-02
334,151,381,2023-08-29
335,223,207,2023-09-17
336,271,154,2024-06-26
337,212,22,2023-11-27
338,266,265,2024-10-26
339,293,295,2023-08-15
340,49,417,2023-12-15
341,125,63,2024-04-24
342,180,444,2024-11-28
343,206,130,2024-04-12
344,3,117,2024-10-14
345,56,450,2024-08-14
346,149,412,2024-12-30
347,117,439,2024-10-27
348,123,82,2024-06-04
349,202,450,2024-03-08
350,246,81,2024-09-18
351,260,181,2023-07-12
352,215,111,2024-06-27
353,10,433,2024-11-26
354,259,174,2024-06-09
355,269,198,2024-12-04
356,158,194,2023-10-04
357,107,274,2024-12-11
358,21,151,2025-05-14
359,59,324,2024-04-09
360,94,435,2023-10-17
361,18,159,2024-06-10
362,260,186,2024-12-17
363,163,127,2025-05-01
364,5,247,2025-03-25
365,163,411,2023-10-28
366,106,402,2024-09-08
367,129,268,2023-09-10
368,209,163,2023-09-14
369,98,456,2024-06-11
370,234,146,2023-07-06
371,111,11,2024-08-29
372,29,499,2024-12-18
373,94,229,2023-12-14
374,220,255,2025-01-26
375,49,423,2023-10-19
376,97,205,2024-06-14
377,249,193,2023-12-20
378,178,356,2024-10-25
379,125,171,2025-04-20
380,222,333,2024-12-05
381,187,88,2025-03-15
382,257,443,2024-07-01
383,214,482,2023-07-21
384,122,34,2023-11-08
385,78,396,2024-03-29
386,69,378,2025-05-10
387,12,198,2024-09-28
388,146,143,2025-02-09
389,251,302,2024-11-11
390,131,180,2024-09-14
391,50,22,2024-08-03
392,300,381,2025-02-24
393,124,199,2023-08-22
394,135,306,2024-08-19
395,12,212,2024-08-02
396,282,163,2025-03-28
397,123,164,2023-11-22
398,204,222,2024-02-16
399,127,453,2024-03-29
400,43,150,2023-09-15
401,236,377,2025-01-22
402,103,156,2024-12-02
403,272,299,2023-11-17
404,238,232,2023-10-02
405,74,141,2023-07-07
406,57,118,2024-12-07
407,118,339,2024-03-02
408,275,189,2023-09-08
409,226,63,2024-01-23
410,36,10,2024-12-15
411,193,61,2023-12-21
412,106,443,2024-01-01
413,290,128,2025-03-20
414,191,114,2023-10-08
415,183,399,2024-09-15
416,233,30,2024-05-13
417,58,301,2024-07-01
418,45,204,2023-12-23
419,88,210,2025-03-27
420,169,465,2024-03-14
421,166,390,2025-03-20
422,12,250,2024-02-04
423,229,222,2024-12-05
424,229,193,2024-08-30
425,176,236,2023-11-05
426,119,143,2024-03-29
427,214,192,2024-04-29
428,128,65,2023-12-16
429,226,259,2023-08-05
430,215,464,2024-09-01
431,197,251,2023-06-16
432,57,245,2023-10-18
433,141,121,2023-08-03
434,275,80,2024-12-21
435,36,361,2024-03-20
436,68,496,2023-07-05
437,38,468,2024-01-26
438,34,1,2024-07-23
439,73,315,2024-02-02
440,166,399,2024-06-30
441,164,428,2024-12-02
442,177,455,2024-12-13
443,32,498,2024-03-10
444,176,420,2025-04-16
445,40,209,2024-01-19
446,79,65,2023-12-07
447,265,92,2024-05-04
448,125,308,2025-05-16
449,123,261,2023-08-15
450,7,58,2024-02-22
451,22,470,2023-08-13
452,138,312,2023-11-08
453,246,104,2023-08-07
454,211,330,2025-01-23
455,85,429,2023-10-05
456,217,276,2023-12-10
457,241,394,2023-12-16
458,293,273,2024-09-17
459,98,293,2024-08-16
460,155,154,2024-03-06
461,148,341,2025-04-15
462,38,158,2024-08-06
463,28,495,2024-05-25
464,51,217,2023-11-20
465,110,295,2025-01-11
466,228,27,2023-12-11
467,229,445,2025-01-14
468,295,7,2024-01-20
469,162,465,2024-07-01
470,9,4,2025-03-15
471,198,343,2024-11-22
472,199,164,2025-04-25
473,13,291,2024-01-25
474,155,375,2024-02-16
475,192,471,2024-08-18
476,22,307,2025-05-06
477,220,104,2024-03-07
478,236,427,2024-06-07
479,108,355,2024-11-29
480,136,356,2023-11-13
481,216,225,2024-09-21
482,170,447,2024-01-22
483,8,399,2024-08-21
484,96,217,2024-04-17
485,159,105,2023-12-30
486,191,308,2024-10-15
487,205,124,2025-02-27
488,201,170,2024-01-05
489,70,218,2023-12-16
490,102,176,2023-07-27
491,212,47,2023-12-12
492,247,447,2024-05-20
493,33,494,2023-11-12
494,162,272,2024-04-21
495,223,38,2023-06-20
496,225,422,2024-05-27
497,88,350,2025-04-05
498,276,57,2024-02-25
499,178,323,2024-08-04
500,187,220,2024-05-03
501,241,444,2023-11-10
502,96,483,2024-04-18
503,19,80,2023-12-05
504,77,307,2024-01-11
505,18,385,2023-10-11
506,291,194,2024-06-01
507,166,372,2023-06-20
508,123,139,2024-08-16
509,207,487,2023-10-23
510,57,138,2023-10-21
511,160,484,2025-03-22
512,38,415,2024-05-23
513,181,448,2025-03-01
514,136,437,2023-06-01
515,35,56,2024-06-27
516,20,366,2024-04-23
517,135,53,2024-02-16
518,75,174,2023-07-03
519,138,400,2024-07-03
520,134,370,2024-03-20
521,233,405,2024-09-15
522,61,280,2023-09-09
523,230,46,2024-03-06
524,298,96,2023-07-17
525,154,356,2023-12-14
526,109,144,2025-04-26
527,203,83,2024-03-17
528,278,403,2023-09-12
529,6,474,2023-09-07
530,68,210,2024-11-03
531,26,353,2024-05-29
532,178,384,2023-10-02
533,252,206,2024-12-12
534,84,317,2023-06-09
535,57,419,2024-07-05
536,128,474,2025-05-23
537,28,255,2023-06-02
538,247,290,2024-05-31
539,5,79,2025-05-04
540,265,281,2024-11-08
541,94,210,2023-08-21
542,144,314,2023-08-20
543,281,396,2023-06-26
544,48,380,2025-01-29
545,27,60,2024-02-20
546,50,102,2024-05-09
547,161,265,2024-07-02
548,162,486,2024-11-01
549,285,266,2024-06-28
550,87,307,2025-01-26
551,112,310,2024-05-06
552,152,267,2024-04-07
553,89,254,2023-12-30
554,50,122,2024-04-29
555,135,149,2025-04-23
556,231,297,2024-12-16
557,295,342,2023-11-08
558,16,408,2024-09-27
559,100,10,2025-05-19
560,257,237,2025-05-10
561,27,240,2024-05-01
562,270,437,2024-09-09
563,76,226,2024-05-12
564,43,27,2023-08-24
565,185,107,2024-04-15
566,23,188,2024-11-19
567,126,383,2023-06-04
568,48,24,2024-11-09
569,216,196,2023-08-20
570,15,287,2024-03-20
571,275,90,2024-10-16
572,60,227,2023-12-13
573,176,299,2024-12-22
574,199,323,2024-07-09
575,13,123,2024-08-25
576,246,284,2024-05-01
577,43,171,2024-09-16
578,154,400,2024-04-03
579,49,343,2023-10-17
580,26,254,2024-05-14
581,237,355,2023-06-04
582,54,462,2025-04-29
583,249,317,2025-05-16
584,122,262,2024-03-14
585,114,149,2023-12-14
586,178,105,2023-06-15
587,97,89,2023-11-06
588,79,62,2023-05-29
589,280,81,2023-12-07
590,6,54,2024-03-03
591,152,56,2023-11-22
592,267,121,2023-10-09
593,116,491,2024-12-21
594,91,2,2025-01-28
595,248,176,2025-04-29
596,242,310,2025-04-28
597,260,201,2025-01-04
598,14,296,2024-04-20
599,62,78,2023-11-18
600,291,161,2025-04-16
601,179,441,2024-07-22
602,286,376,2024-08-04
603,105,63,2024-08-30
604,101,37,2023-05-27
605,177,315,2024-05-31
606,213,263,2024-01-13
607,222,69,2025-03-25
608,97,277,2024-10-07
609,58,393,2025-04-16
610,2,151,2025-02-07
611,264,493,2023-08-26
612,190,171,2025-04-21
613,47,326,2024-07-07
614,172,75,2025-01-11
615,92,70,2023-10-24
616,268,267,2023-11-11
617,192,147,2025-01-30
618,275,346,2024-06-20
619,188,483,2024-10-02
620,154,296,2024-11-28
621,297,140,2024-01-06
622,3,251,2025-05-13
623,81,49,2024-10-18
624,114,197,2025-01-03
625,28,331,2025-01-02
626,100,418,2023-12-12
627,177,130,2025-03-26
628,121,5,2025-05-13
629,288,482,2023-10-03
630,282,261,2025-02-04
631,52,344,2023-12-27
632,100,426,2023-10-10
633,204,483,2024-02-15
634,244,81,2025-02-22
635,148,230,2025-03-23
636,259,359,2023-09-18
637,171,491,2024-12-19
638,147,420,2024-10-24
639,254,154,2024-10-18
640,133,10,2023-06-05
641,214,146,2023-10-05
642,225,5,2024-09-08
643,280,262,2024-06-29
644,174,240,2024-07-21
645,131,474,2024-02-06
646,110,492,2024-04-14
647,115,462,2025-01-28
648,130,55,2024-11-19
649,221,144,2024-12-11
650,25,368,2024-01-15
651,251,466,2025-02-11
652,140,152,2023-12-18
653,206,75,2023-07-03
654,226,228,2024-07-01
655,5,176,2025-04-19
656,65,11,2023-07-22
657,241,274,2024-08-21
658,119,430,2023-09-23
659,213,9,2024-03-23
660,284,197,2024-03-21
661,120,422,2024-07-09
662,249,88,2024-12-24
663,262,396,2023-08-02
664,131,20,2023-06-28
665,188,396,2023-11-03
666,208,355,2024-12-13
667,224,404,2025-01-11
668,132,338,2024-10-19
669,183,405,2024-12-30
670,71,453,2024-09-13
671,100,291,2025-04-20
672,75,18,2024-09-06
673,275,495,2023-11-15
674,195,102,2024-07-15
675,281,425,2024-12-30
676,240,366,2024-10-21
677,268,149,2024-10-25
678,80,373,2025-03-14
679,231,170,2025-03-21
680,60,97,2023-09-11
681,89,44,2023-11-15
682,286,157,2024-06-02
683,228,442,2023-12-24
684,152,164,2025-04-26
685,55,64,2025-01-24
686,32,141,2023-05-25
687,211,68,2024-06-27
688,208,38,2024-02-28
689,283,319,2024-03-03
690,225,367,2024-01-28
691,269,329,2023-12-08
692,294,485,2023-10-04
693,250,260,2025-01-04
694,61,258,2024-04-15
695,290,176,2024-11-24
696,90,418,2024-03-15
697,139,89,2025-02-16
698,36,437,2023-11-18
699,284,87,2024-01-28
700,74,353,2023-11-30
701,168,308,2025-04-21
702,130,468,2025-02-27
703,179,302,2023-11-02
704,122,248,2023-07-10
705,12,218,2024-10-24
706,109,134,2023-12-29
707,75,55,2024-12-17
708,211,288,2025-02-11
709,127,269,2024-02-05
710,296,108,2023-07-10
711,178,305,2024-06-18
712,164,182,2024-02-06
713,227,301,2025-02-14
714,293,494,2025-02-13
715,267,455,2024-06-22
716,96,88,2024-11-15
717,64,298,2023-12-01
718,38,367,2025-04-28
719,211,193,2024-06-07
720,208,197,2024-12-10
721,163,292,2024-05-20
722,147,149,2024-03-01
723,69,367,2024-01-22
724,1,170,2025-03-27
725,218,201,2024-01-01
726,170,280,2023-11-12
727,116,424,2025-04-08
728,32,332,2024-08-29
729,139,370,2024-03-08
730,162,112,2023-08-11
731,102,399,2025-04-17
732,10,347,2025-04-29
733,151,33,2025-03-10
734,91,406,2025-04-25
735,270,330,2025-05-11
736,254,296,2024-10-01
737,190,188,2024-08-08
738,91,182,2023-09-28
739,61,302,2025-01-01
740,256,45,2024-05-18
741,94,24,2024-05-10
742,285,30,2024-06-12
743,94,215,2024-06-01
744,59,370,2025-02-01
745,198,263,2025-05-08
746,207,81,2023-09-18
747,45,302,2024-10-30
748,94,22,2024-05-05
749,45,161,2024-10-20
750,254,89,2025-01-02
751,40,16,2024-07-12
752,76,141,2024-12-09
753,239,17,2023-09-15
754,267,357,2024-07-24
755,135,377,2024-02-01
756,270,211,2024-11-20
757,145,424,2024-04-14
758,266,266,2023-09-30
759,273,416,2023-07-10
760,300,431,2024-08-26
761,214,225,2023-06-11
762,223,6,2025-03-06
763,187,183,2023-11-12
764,218,262,2024-08-22
765,103,442,2024-09-19
766,53,171,2024-07-11
767,75,212,2024-03-15
768,237,413,2023-12-17
769,272,342,2024-01-01
770,291,481,2023-10-15
771,58,326,2024-09-03
772,113,376,2023-07-16
773,262,463,2024-05-20
774,120,373,2024-08-16
775,181,457,2024-06-03
776,153,427,2024-09-10
777,243,225,2025-02-08
778,88,270,2024-05-06
779,150,189,2024-10-23
780,120,162,2024-10-06
781,271,214,2024-12-03
782,248,454,2023-10-06
783,240,78,2024-02-21
784,164,332,2023-06-09
785,19,427,2023-09-20
786,138,228,2024-07-14
787,128,58,2025-03-24
788,58,48,2024-04-01
789,206,310,2024-06-04
790,54,27,2024-12-08
791,83,18,2023-09-21
792,199,410,2023-09-09
793,53,481,2024-10-16
794,106,225,2024-11-10
795,236,231,2024-08-18
796,209,73,2023-10-05
797,280,157,2024-02-07
798,133,364,2023-12-24
799,19,362,2025-04-04
800,287,292,2023-12-14
801,107,191,2024-10-31
802,242,352,2023-11-12
803,48,25,2025-04-05
804,73,37,2023-06-02
805,81,118,2024-09-11
806,60,361,2025-01-22
807,268,125,2023-09-18
808,109,116,2024-09-23
809,66,17,2024-06-28
810,136,292,2024-06-05
811,156,497,2023-12-10
812,168,257,2024-08-02
813,27,410,2025-01-31
814,248,427,2024-02-20
815,286,458,2025-02-08
816,137,470,2024-11-24
817,168,446,2024-01-18
818,233,187,2024-07-02
819,80,226,2025-05-01
820,255,185,2025-05-15
821,77,227,2023-09-01
822,293,377,2025-03-28
823,92,110,2024-07-28
824,139,160,2025-04-25
825,291,426,2024-11-18
826,223,295,2024-03-14
827,45,211,2025-03-26
828,250,384,2025-01-10
829,274,134,2023-06-03
830,55,177,2023-06-14
831,77,241,2025-05-17
832,122,427,2023-08-07
833,252,411,2025-04-04
834,151,490,2024-10-25
835,269,113,2024-04-08
836,280,273,2025-01-25
837,151,500,2024-11-25
838,283,322,2024-01-29
839,124,207,2023-06-14
840,212,117,2025-04-05
841,24,268,2024-01-28
842,253,254,2024-09-21
843,102,408,2024-12-07
844,15,434,2023-11-11
845,288,50,2024-12-06
846,128,83,2024-01-13
847,25,337,2023-10-05
848,5,240,2023-10-27
849,12,222,2024-10-04
850,54,499,2024-08-28
851,232,179,2025-01-23
852,104,28,2024-11-16
853,211,134,2024-08-31
854,229,448,2024-05-26
855,35,107,2023-10-03
856,33,403,2024-06-09
857,45,336,2023-08-13
858,54,153,2024-01-02
859,33,372,2024-04-05
860,228,246,2025-04-22
861,277,119,2023-12-10
862,144,435,2024-02-26
863,140,361,2024-03-23
864,250,274,2024-06-15
865,157,210,2024-12-08
866,171,368,2023-07-27
867,200,16,2023-10-21
868,281,112,2023-07-20
869,131,211,2024-02-27
870,214,19,2024-05-07
871,227,20,2024-07-20
872,160,63,2023-05-29
873,21,103,2023-06-04
874,32,326,2024-09-10
875,27,116,2024-12-17
876,288,222,2025-02-03
877,146,196,2023-08-12
878,209,266,2025-05-10
879,294,386,2024-01-12
880,46,359,2024-04-03
881,240,221,2023-07-07
882,298,234,2023-11-30
883,279,418,2023-11-13
884,69,173,2023-10-19
885,105,462,2023-07-05
886,5,384,2023-07-26
887,279,450,2024-05-26
888,37,394,2023-08-26
889,115,416,2025-01-05
890,215,132,2023-08-09
891,273,250,2023-07-23
892,49,11,2023-07-09
893,289,203,2024-06-20
894,294,474,2024-12-09
895,169,408,2023-07-21
896,184,435,2023-10-23
897,178,25,2024-04-16
898,244,229,2025-02-16
899,60,382,2024-12-03
900,70,450,2024-03-02
901,6,443,2025-05-11
902,75,249,2024-10-25
903,47,16,2024-11-10
904,188,353,2024-02-21
905,39,70,2025-04-07
906,299,270,2023-07-18
907,194,170,2024-03-01
908,192,293,2023-11-04
909,273,26,2024-01-08
910,147,402,2024-01-22
911,184,395,2024-07-27
912,271,168,2025-04-25
913,104,292,2024-08-09
914,231,457,2023-11-30
915,22,127,2024-02-14
916,205,29,2024-04-01
917,153,111,2025-01-16
918,96,199,2024-05-27
919,37,203,2025-03-03
920,73,110,2023-06-22
921,93,110,2023-06-03
922,11,475,2025-04-09
923,211,483,2025-03-23
924,29,292,2024-11-29
925,280,133,2023-10-28
926,41,433,2024-09-27
927,150,76,2023-10-17
928,204,31,2023-08-31
929,256,433,2023-07-26
930,53,153,2024-03-03
931,120,380,2024-08-17
932,50,126,2024-03-10
933,36,53,2024-07-06
934,272,60,2024-07-19
935,198,70,2024-03-31
936,184,233,2024-07-17
937,97,189,2023-11-15
938,182,374,2025-03-26
939,103,131,2024-11-16
940,61,304,2024-05-25
941,262,257,2023-12-28
942,181,63,2023-10-21
943,186,138,2024-05-23
944,153,334,2024-12-06
945,89,44,2023-06-28
946,221,217,2025-05-07
947,83,344,2024-03-26
948,289,491,2025-03-01
949,71,262,2024-11-01
950,223,321,2024-01-16
951,285,61,2023-09-18
952,26,60,2025-03-16
953,105,33,2023-06-25
954,213,385,2023-12-15
955,50,127,2024-05-24
956,21,10,2024-11-21
957,171,344,2024-10-07
958,160,357,2025-01-25
959,115,160,2023-07-10
960,130,201,2024-09-26
961,26,261,2024-05-03
962,113,102,2023-10-16
963,59,123,2024-01-20
964,236,64,2023-12-10
965,141,158,2024-03-31
966,48,39,2025-03-04
967,224,244,2025-01-06
968,88,267,2024-10-14
969,20,234,2024-08-10
970,49,328,2023-08-15
971,95,376,2024-12-29
972,290,40,2024-07-17
973,297,56,2023-05-31
974,287,293,2025-03-07
975,9,30,2024-07-11
976,225,141,2024-08-23
977,3,422,2023-12-08
978,37,428,2024-03-04
979,34,110,2024-06-07
980,188,134,2023-06-08
981,294,171,2023-07-18
982,6,301,2023-07-26
983,206,41,2024-08-25
984,21,271,2024-11-17
985,207,330,2025-03-08
986,90,297,2025-02-05
987,134,492,2025-03-18
988,119,288,2024-06-15
989,11,307,2024-10-17
990,49,424,2024-05-20
991,4,462,2024-01-21
992,187,5,2024-05-30
993,70,168,2025-03-29
994,35,166,2023-11-06
995,236,210,2024-03-24
996,241,26,2025-03-13
997,213,186,2025-01-22
998,121,21,2024-10-10
999,162,423,2023-07-28
1000,104,244,2023-09-29
